Round,EnergyConsumed,AvgResidualEnergy,TotalNetworkEnergy
1,0.0225064,0.499775,49.9775
2,0.0969572,0.498805,49.8805
3,0.0787763,0.498018,49.8018
4,0.0704123,0.497313,49.7313
5,0.0758655,0.496555,49.6555
6,0.053981,0.496015,49.6015
7,0.0860325,0.495155,49.5155
8,0.0670842,0.494484,49.4484
9,0.0901509,0.493582,49.3582
10,0.0918958,0.492663,49.2663
11,0.0606356,0.492057,49.2057
12,0.0671927,0.491385,49.1385
13,0.0539271,0.490846,49.0846
14,0.0910398,0.489935,48.9935
15,0.0890311,0.489045,48.9045
16,0.0851968,0.488193,48.8193
17,0.0852468,0.487341,48.7341
18,0.0513281,0.486827,48.6827
19,0.0524124,0.486303,48.6303
20,0.0903028,0.4854,48.54
21,0.100117,0.484399,48.4399
22,0.0671595,0.483727,48.3727
23,0.0505653,0.483222,48.3222
24,0.0501017,0.482721,48.2721
25,0.0901977,0.481819,48.1819
26,0.0912084,0.480907,48.0907
27,0.097826,0.479928,47.9928
28,0.0799874,0.479129,47.9129
29,0.047699,0.478652,47.8652
30,0.0907582,0.477744,47.7744
31,0.113224,0.476612,47.6612
32,0.0897555,0.475714,47.5714
33,0.0528394,0.475186,47.5186
34,0.100734,0.474179,47.4179
35,0.0669136,0.473509,47.3509
36,0.0819018,0.47269,47.269
37,0.0617501,0.472073,47.2073
38,0.0607101,0.471466,47.1466
39,0.0865559,0.4706,47.06
40,0.0949161,0.469651,46.9651
41,0.0698955,0.468952,46.8952
42,0.0889881,0.468062,46.8062
43,0.0811044,0.467251,46.7251
44,0.0779188,0.466472,46.6472
45,0.063062,0.465841,46.5841
46,0.058818,0.465253,46.5253
47,0.0985642,0.464268,46.4268
48,0.0868002,0.4634,46.34
49,0.0878151,0.462521,46.2521
50,0.0480952,0.46204,46.204
51,0.0588371,0.461452,46.1452
52,0.0620433,0.460832,46.0832
53,0.0740782,0.460091,46.0091
54,0.0896732,0.459194,45.9194
55,0.0820111,0.458374,45.8374
56,0.0792206,0.457582,45.7582
57,0.0879701,0.456702,45.6702
58,0.0812216,0.45589,45.589
59,0.063014,0.45526,45.526
60,0.0794495,0.454465,45.4465
61,0.0759125,0.453706,45.3706
62,0.0670425,0.453036,45.3036
63,0.0721513,0.452314,45.2314
64,0.0961638,0.451353,45.1353
65,0.0649933,0.450703,45.0703
66,0.0645307,0.450057,45.0057
67,0.0678327,0.449379,44.9379
68,0.0865754,0.448513,44.8513
69,0.104365,0.44747,44.747
70,0.0780377,0.446689,44.6689
71,0.0792244,0.445897,44.5897
72,0.0720554,0.445176,44.5176
73,0.0632134,0.444544,44.4544
74,0.0735589,0.443809,44.3809
75,0.0549699,0.443259,44.3259
76,0.068954,0.442569,44.2569
77,0.0977637,0.441592,44.1592
78,0.0901253,0.440691,44.0691
79,0.0837313,0.439853,43.9853
80,0.0843758,0.439009,43.9009
81,0.0683728,0.438326,43.8326
82,0.0844723,0.437481,43.7481
83,0.0521725,0.436959,43.6959
84,0.0556961,0.436402,43.6402
85,0.048523,0.435917,43.5917
86,0.0542333,0.435375,43.5375
87,0.123649,0.434138,43.4138
88,0.0831706,0.433307,43.3307
89,0.0708996,0.432598,43.2598
90,0.0824341,0.431773,43.1773
91,0.0922372,0.430851,43.0851
92,0.0860493,0.42999,42.999
93,0.0763311,0.429227,42.9227
94,0.0808356,0.428419,42.8419
95,0.0587943,0.427831,42.7831
96,0.0699045,0.427132,42.7132
97,0.0885542,0.426246,42.6246
98,0.0703265,0.425543,42.5543
99,0.0814095,0.424729,42.4729
100,0.0824686,0.423904,42.3904
101,0.0703952,0.4232,42.32
102,0.0960907,0.422239,42.2239
103,0.0655819,0.421583,42.1583
104,0.067787,0.420906,42.0906
105,0.0641079,0.420264,42.0264
106,0.0784974,0.41948,41.948
107,0.0604411,0.418875,41.8875
108,0.0741555,0.418134,41.8134
109,0.0683456,0.41745,41.745
110,0.107258,0.416378,41.6378
111,0.0979284,0.415398,41.5398
112,0.0714151,0.414684,41.4684
113,0.0527942,0.414156,41.4156
114,0.0645526,0.413511,41.3511
115,0.0917656,0.412593,41.2593
116,0.0813963,0.411779,41.1779
117,0.0936441,0.410843,41.0843
118,0.0527013,0.410316,41.0316
119,0.0956303,0.409359,40.9359
120,0.0994611,0.408365,40.8365
121,0.0587533,0.407777,40.7777
122,0.0838097,0.406939,40.6939
123,0.0968736,0.40597,40.597
124,0.0481187,0.405489,40.5489
125,0.074851,0.404741,40.4741
126,0.0986697,0.403754,40.3754
127,0.0786069,0.402968,40.2968
128,0.0619145,0.402349,40.2349
129,0.064485,0.401704,40.1704
130,0.0756378,0.400947,40.0947
131,0.0826796,0.400121,40.0121
132,0.0624038,0.399497,39.9497
133,0.063912,0.398857,39.8857
134,0.072365,0.398134,39.8134
135,0.0811042,0.397323,39.7323
136,0.0802929,0.39652,39.652
137,0.0933476,0.395586,39.5586
138,0.0876958,0.394709,39.4709
139,0.0962675,0.393747,39.3747
140,0.0742417,0.393004,39.3004
141,0.0548936,0.392455,39.2455
142,0.062442,0.391831,39.1831
143,0.101038,0.390821,39.0821
144,0.0841002,0.38998,38.998
145,0.0880979,0.389099,38.9099
146,0.0827955,0.388271,38.8271
147,0.0298137,0.387973,38.7973
148,0.0574497,0.387398,38.7398
149,0.075409,0.386644,38.6644
150,0.0730394,0.385914,38.5914
151,0.109778,0.384816,38.4816
152,0.0709033,0.384107,38.4107
153,0.0740632,0.383366,38.3366
154,0.0530467,0.382836,38.2836
155,0.0903794,0.381932,38.1932
156,0.0725875,0.381206,38.1206
157,0.0686016,0.38052,38.052
158,0.0741599,0.379778,37.9778
159,0.0916141,0.378862,37.8862
160,0.0839783,0.378022,37.8022
161,0.0632868,0.37739,37.739
162,0.0660931,0.376729,37.6729
163,0.06788,0.37605,37.605
164,0.0817386,0.375232,37.5232
165,0.105047,0.374182,37.4182
166,0.0919091,0.373263,37.3263
167,0.0490748,0.372772,37.2772
168,0.076653,0.372006,37.2006
169,0.0689184,0.371316,37.1316
170,0.0788388,0.370528,37.0528
171,0.0965458,0.369563,36.9563
172,0.0811706,0.368751,36.8751
173,0.116906,0.367582,36.7582
174,0.101129,0.366571,36.6571
175,0.0592627,0.365978,36.5978
176,0.0745117,0.365233,36.5233
177,0.0748226,0.364485,36.4485
178,0.0626147,0.363858,36.3858
179,0.0385626,0.363473,36.3473
180,0.0758356,0.362714,36.2714
181,0.0795606,0.361919,36.1919
182,0.0543838,0.361375,36.1375
183,0.0480053,0.360895,36.0895
184,0.0521304,0.360374,36.0374
185,0.0780224,0.359593,35.9593
186,0.0929836,0.358664,35.8664
187,0.100794,0.357656,35.7656
188,0.0849514,0.356806,35.6806
189,0.0966775,0.355839,35.5839
190,0.0945388,0.354894,35.4894
191,0.059386,0.3543,35.43
192,0.0390853,0.353909,35.3909
193,0.0669943,0.353239,35.3239
194,0.0758333,0.352481,35.2481
195,0.0874104,0.351607,35.1607
196,0.0623777,0.350983,35.0983
197,0.0669692,0.350313,35.0313
198,0.108676,0.349227,34.9227
199,0.0862678,0.348364,34.8364
200,0.0856916,0.347507,34.7507
201,0.0776379,0.346731,34.6731
202,0.0899211,0.345831,34.5831
203,0.0681239,0.34515,34.515
204,0.0544293,0.344606,34.4606
205,0.0768016,0.343838,34.3838
206,0.11427,0.342695,34.2695
207,0.0810532,0.341885,34.1885
208,0.0880824,0.341004,34.1004
209,0.0519395,0.340484,34.0484
210,0.0503124,0.339981,33.9981
211,0.0692959,0.339288,33.9288
212,0.0556823,0.338732,33.8732
213,0.068302,0.338048,33.8048
214,0.0673695,0.337375,33.7375
215,0.0637816,0.336737,33.6737
216,0.0821015,0.335916,33.5916
217,0.107123,0.334845,33.4845
218,0.0959142,0.333886,33.3886
219,0.079762,0.333088,33.3088
220,0.0781273,0.332307,33.2307
221,0.0967997,0.331339,33.1339
222,0.0979011,0.33036,33.036
223,0.0868064,0.329492,32.9492
224,0.0690897,0.328801,32.8801
225,0.0756255,0.328044,32.8044
226,0.0572029,0.327472,32.7472
227,0.10564,0.326416,32.6416
228,0.0497688,0.325918,32.5918
229,0.0489124,0.325429,32.5429
230,0.063282,0.324796,32.4796
231,0.0718846,0.324078,32.4078
232,0.0918778,0.323159,32.3159
233,0.102797,0.322131,32.2131
234,0.0763346,0.321367,32.1367
235,0.0867886,0.3205,32.05
236,0.0657041,0.319843,31.9843
237,0.0465371,0.319377,31.9377
238,0.080313,0.318574,31.8574
239,0.0713684,0.31786,31.786
240,0.0825654,0.317035,31.7035
241,0.0838228,0.316196,31.6196
242,0.0856357,0.31534,31.534
243,0.0613401,0.314727,31.4727
244,0.0529613,0.314197,31.4197
245,0.0571992,0.313625,31.3625
246,0.108825,0.312537,31.2537
247,0.07744,0.311762,31.1762
248,0.0646468,0.311116,31.1116
249,0.0451415,0.310665,31.0665
250,0.106017,0.309604,30.9604
251,0.0972637,0.308632,30.8632
252,0.0573343,0.308058,30.8058
253,0.0922056,0.307136,30.7136
254,0.0834794,0.306302,30.6302
255,0.048931,0.305812,30.5812
256,0.0849419,0.304963,30.4963
257,0.087441,0.304088,30.4088
258,0.0917156,0.303171,30.3171
259,0.0708115,0.302463,30.2463
260,0.0786726,0.301676,30.1676
261,0.0804235,0.300872,30.0872
262,0.0846171,0.300026,30.0026
263,0.0792016,0.299234,29.9234
264,0.0769604,0.298464,29.8464
265,0.0634418,0.29783,29.783
266,0.0941389,0.296889,29.6889
267,0.061565,0.296273,29.6273
268,0.0811345,0.295462,29.5462
269,0.072631,0.294735,29.4735
270,0.0712483,0.294023,29.4023
271,0.078251,0.29324,29.324
272,0.0805139,0.292435,29.2435
273,0.0966565,0.291469,29.1469
274,0.0987737,0.290481,29.0481
275,0.071072,0.28977,28.977
276,0.0726952,0.289043,28.9043
277,0.0644078,0.288399,28.8399
278,0.0658043,0.287741,28.7741
279,0.0831613,0.286909,28.6909
280,0.0841925,0.286068,28.6068
281,0.0671403,0.285396,28.5396
282,0.0823963,0.284572,28.4572
283,0.0719635,0.283853,28.3853
284,0.0783208,0.283069,28.3069
285,0.0762182,0.282307,28.2307
286,0.0875943,0.281431,28.1431
287,0.0613497,0.280818,28.0818
288,0.0956148,0.279862,27.9862
289,0.06977,0.279164,27.9164
290,0.0979446,0.278184,27.8184
291,0.0684315,0.2775,27.75
292,0.085954,0.276641,27.6641
293,0.0737265,0.275903,27.5903
294,0.0989713,0.274914,27.4914
295,0.0791638,0.274122,27.4122
296,0.0802774,0.273319,27.3319
297,0.0525536,0.272794,27.2794
298,0.0789308,0.272004,27.2004
299,0.0820339,0.271184,27.1184
300,0.0416621,0.270767,27.0767
301,0.0803808,0.269964,26.9964
302,0.049925,0.269464,26.9464
303,0.0593839,0.26887,26.887
304,0.0608607,0.268262,26.8262
305,0.0699865,0.267562,26.7562
306,0.0917584,0.266644,26.6644
307,0.0966401,0.265678,26.5678
308,0.0826704,0.264851,26.4851
309,0.0792925,0.264058,26.4058
310,0.0624593,0.263434,26.3434
311,0.106146,0.262372,26.2372
312,0.10239,0.261348,26.1348
313,0.0629155,0.260719,26.0719
314,0.0638586,0.260081,26.0081
315,0.0579,0.259502,25.9502
316,0.0870468,0.258631,25.8631
317,0.0594525,0.258037,25.8037
318,0.0754993,0.257282,25.7282
319,0.0661138,0.256621,25.6621
320,0.0758085,0.255862,25.5862
321,0.0838042,0.255024,25.5024
322,0.0572769,0.254452,25.4452
323,0.0614421,0.253837,25.3837
324,0.0888104,0.252949,25.2949
325,0.0737483,0.252212,25.2212
326,0.0892275,0.251319,25.1319
327,0.0953485,0.250366,25.0366
328,0.0935083,0.249431,24.9431
329,0.0661127,0.24877,24.877
330,0.053281,0.248237,24.8237
331,0.0888142,0.247349,24.7349
332,0.0918028,0.246431,24.6431
333,0.0732978,0.245698,24.5698
334,0.0957166,0.244741,24.4741
335,0.08338,0.243907,24.3907
336,0.0768988,0.243138,24.3138
337,0.0823023,0.242315,24.2315
338,0.0909183,0.241406,24.1406
339,0.0519121,0.240886,24.0886
340,0.0483172,0.240403,24.0403
341,0.0566092,0.239837,23.9837
342,0.0530281,0.239307,23.9307
343,0.0666738,0.23864,23.864
344,0.0646119,0.237994,23.7994
345,0.0694064,0.2373,23.73
346,0.0770968,0.236529,23.6529
347,0.0902601,0.235626,23.5626
348,0.0826134,0.2348,23.48
349,0.0814326,0.233986,23.3986
350,0.102527,0.232961,23.2961
351,0.0804826,0.232156,23.2156
352,0.0737945,0.231418,23.1418
353,0.0642227,0.230776,23.0776
354,0.0798301,0.229977,22.9977
355,0.0861328,0.229116,22.9116
356,0.118647,0.22793,22.793
357,0.0461332,0.227468,22.7468
358,0.0727841,0.22674,22.674
359,0.0818421,0.225922,22.5922
360,0.084115,0.225081,22.5081
361,0.0537028,0.224544,22.4544
362,0.0528338,0.224016,22.4016
363,0.0943353,0.223072,22.3072
364,0.0580376,0.222492,22.2492
365,0.0627283,0.221864,22.1864
366,0.071671,0.221148,22.1148
367,0.0884232,0.220264,22.0264
368,0.0621283,0.219642,21.9642
369,0.0813592,0.218829,21.8829
370,0.0827582,0.218001,21.8001
371,0.110432,0.216897,21.6897
372,0.0862172,0.216035,21.6035
373,0.0738131,0.215296,21.5296
374,0.0458652,0.214838,21.4838
375,0.0898447,0.213939,21.3939
376,0.0926292,0.213013,21.3013
377,0.0731283,0.212282,21.2282
378,0.0869944,0.211412,21.1412
379,0.0747315,0.210665,21.0665
380,0.0748411,0.209916,20.9916
381,0.0557542,0.209359,20.9359
382,0.0759848,0.208599,20.8599
383,0.0458317,0.20814,20.814
384,0.0727279,0.207413,20.7413
385,0.0804511,0.206609,20.6609
386,0.0943837,0.205665,20.5665
387,0.0675585,0.204989,20.4989
388,0.0820584,0.204169,20.4169
389,0.0896571,0.203272,20.3272
390,0.0830231,0.202442,20.2442
391,0.068667,0.201755,20.1755
392,0.076346,0.200992,20.0992
393,0.061381,0.200378,20.0378
394,0.0729967,0.199648,19.9648
395,0.0702214,0.198946,19.8946
396,0.0446109,0.1985,19.85
397,0.0897185,0.197602,19.7602
398,0.0763022,0.196839,19.6839
399,0.0914317,0.195925,19.5925
400,0.0991368,0.194934,19.4934
401,0.0760498,0.194173,19.4173
402,0.0745887,0.193427,19.3427
403,0.0758617,0.192669,19.2669
404,0.0838708,0.19183,19.183
405,0.101706,0.190813,19.0813
406,0.0540367,0.190273,19.0273
407,0.0981559,0.189291,18.9291
408,0.0678524,0.188612,18.8612
409,0.0908349,0.187704,18.7704
410,0.062543,0.187079,18.7079
411,0.0476685,0.186602,18.6602
412,0.0872262,0.18573,18.573
413,0.0647383,0.185082,18.5082
414,0.0774105,0.184308,18.4308
415,0.0697632,0.183611,18.3611
416,0.099187,0.182619,18.2619
417,0.0955445,0.181663,18.1663
418,0.0557974,0.181105,18.1105
419,0.0501894,0.180603,18.0603
420,0.0700127,0.179903,17.9903
421,0.0832476,0.179071,17.9071
422,0.0907665,0.178163,17.8163
423,0.0767968,0.177395,17.7395
424,0.051082,0.176884,17.6884
425,0.0698567,0.176186,17.6186
426,0.0709164,0.175477,17.5477
427,0.0664041,0.174813,17.4813
428,0.084169,0.173971,17.3971
429,0.0613632,0.173357,17.3357
430,0.0874643,0.172483,17.2483
431,0.100775,0.171475,17.1475
432,0.101185,0.170463,17.0463
433,0.0736395,0.169727,16.9727
434,0.07186,0.169008,16.9008
435,0.0697877,0.16831,16.831
436,0.103236,0.167278,16.7278
437,0.0733391,0.166544,16.6544
438,0.0758606,0.165786,16.5786
439,0.0673192,0.165113,16.5113
440,0.0704193,0.164408,16.4408
441,0.0613693,0.163795,16.3795
442,0.0733711,0.163061,16.3061
443,0.0807192,0.162254,16.2254
444,0.0866319,0.161388,16.1388
445,0.085137,0.160536,16.0536
446,0.106306,0.159473,15.9473
447,0.0773069,0.1587,15.87
448,0.0715893,0.157984,15.7984
449,0.0774281,0.15721,15.721
450,0.0658718,0.156551,15.6551
451,0.0503819,0.156047,15.6047
452,0.0868662,0.155179,15.5179
453,0.0952289,0.154226,15.4226
454,0.076121,0.153465,15.3465
455,0.097014,0.152495,15.2495
456,0.0662305,0.151833,15.1833
457,0.0637572,0.151195,15.1195
458,0.055505,0.15064,15.064
459,0.0661776,0.149978,14.9978
460,0.0888253,0.14909,14.909
461,0.0566554,0.148524,14.8524
462,0.0639364,0.147884,14.7884
463,0.059982,0.147284,14.7284
464,0.0641828,0.146642,14.6642
465,0.0754471,0.145888,14.5888
466,0.0821762,0.145066,14.5066
467,0.0898122,0.144168,14.4168
468,0.0775384,0.143393,14.3393
469,0.0545202,0.142848,14.2848
470,0.087189,0.141976,14.1976
471,0.0883058,0.141093,14.1093
472,0.0651224,0.140441,14.0441
473,0.093293,0.139508,13.9508
474,0.0853934,0.138655,13.8655
475,0.0666113,0.137988,13.7988
476,0.0750644,0.137238,13.7238
477,0.0905081,0.136333,13.6333
478,0.0840722,0.135492,13.5492
479,0.0711569,0.13478,13.478
480,0.0564727,0.134216,13.4216
481,0.089387,0.133322,13.3322
482,0.0544449,0.132777,13.2777
483,0.0525573,0.132252,13.2252
484,0.0984465,0.131267,13.1267
485,0.0905727,0.130362,13.0362
486,0.0907324,0.129454,12.9454
487,0.0814763,0.128639,12.8639
488,0.0900156,0.127739,12.7739
489,0.0741559,0.126998,12.6998
490,0.0691204,0.126307,12.6307
491,0.078343,0.125523,12.5523
492,0.0970632,0.124553,12.4553
493,0.0778274,0.123774,12.3774
494,0.0830865,0.122943,12.2943
495,0.089639,0.122047,12.2047
496,0.0769934,0.121277,12.1277
497,0.0671549,0.120605,12.0605
498,0.0635423,0.11997,11.997
499,0.0626648,0.119343,11.9343
500,0.0831775,0.118512,11.8512
501,0.0800677,0.117711,11.7711
502,0.101781,0.116693,11.6693
503,0.0630019,0.116063,11.6063
504,0.0573519,0.11549,11.549
505,0.0895541,0.114594,11.4594
506,0.0818534,0.113776,11.3776
507,0.0726304,0.113049,11.3049
508,0.0636078,0.112413,11.2413
509,0.0644723,0.111768,11.1768
510,0.0604542,0.111164,11.1164
511,0.0940257,0.110224,11.0224
512,0.0859496,0.109364,10.9364
513,0.0555538,0.108809,10.8809
514,0.079043,0.108018,10.8018
515,0.119208,0.106826,10.6826
516,0.0726733,0.106099,10.6099
517,0.0714722,0.105385,10.5385
518,0.0467887,0.104917,10.4917
519,0.0776824,0.10414,10.414
520,0.066814,0.103472,10.3472
521,0.0580674,0.102891,10.2891
522,0.0727515,0.102164,10.2164
523,0.0991643,0.101172,10.1172
524,0.0767731,0.100404,10.0404
525,0.095698,0.0994473,9.94473
526,0.0426589,0.0990207,9.90207
527,0.0689343,0.0983313,9.83313
528,0.0675066,0.0976563,9.76563
529,0.0765864,0.0968904,9.68904
530,0.0813202,0.0960772,9.60772
531,0.0727696,0.0953495,9.53495
532,0.0697221,0.0946523,9.46523
533,0.0717442,0.0939348,9.39348
534,0.0712168,0.0932227,9.32227
535,0.0765092,0.0924576,9.24576
536,0.0686057,0.0917715,9.17715
537,0.0615995,0.0911555,9.11555
538,0.0863512,0.090292,9.0292
539,0.0785914,0.0895061,8.95061
540,0.0983183,0.0885229,8.85229
541,0.0736615,0.0877863,8.77863
542,0.0951788,0.0868345,8.68345
543,0.104817,0.0857863,8.57863
544,0.0672577,0.0851138,8.51138
545,0.0561087,0.0845527,8.45527
546,0.070659,0.0838461,8.38461
547,0.0758726,0.0830874,8.30874
548,0.057806,0.0825093,8.25093
549,0.0728908,0.0817804,8.17804
550,0.0736153,0.0810442,8.10442
551,0.078792,0.0802563,8.02563
552,0.0625001,0.0796313,7.96313
553,0.0580053,0.0790513,7.90513
554,0.0965989,0.0780853,7.80853
555,0.10049,0.0770804,7.70804
556,0.083132,0.0762491,7.62491
557,0.0568946,0.0756801,7.56801
558,0.0553472,0.0751266,7.51266
559,0.0814144,0.0743125,7.43125
560,0.0677915,0.0736346,7.36346
561,0.0675101,0.0729595,7.29595
562,0.0815382,0.0721441,7.21441
563,0.0859125,0.071285,7.1285
564,0.0641039,0.0706439,7.06439
565,0.0793788,0.0698501,6.98501
566,0.0814453,0.0690357,6.90357
567,0.0691988,0.0683437,6.83437
568,0.0343379,0.0680003,6.80003
569,0.0566348,0.067434,6.7434
570,0.0774385,0.0666596,6.66596
571,0.0873042,0.0657865,6.57865
572,0.0757647,0.0650289,6.50289
573,0.0812586,0.0642163,6.42163
574,0.0645615,0.0635707,6.35707
575,0.0891921,0.0626788,6.26788
576,0.0832437,0.0618463,6.18463
577,0.0684345,0.061162,6.1162
578,0.058383,0.0605782,6.05782
579,0.0568173,0.06001,6.001
580,0.033661,0.0596734,5.96734
581,0.079985,0.0588735,5.88735
582,0.0910691,0.0579628,5.79628
583,0.0795098,0.0571677,5.71677
584,0.0565551,0.0571749,5.66031
585,0.0829854,0.0563366,5.57732
586,0.0317731,0.0560157,5.54555
587,0.0612626,0.0553969,5.48429
588,0.0854916,0.0545333,5.3988
589,0.0499574,0.0540287,5.34884
590,0.0710405,0.0533111,5.2778
591,0.0672605,0.0526317,5.21054
592,0.0635775,0.0519895,5.14696
593,0.0725373,0.0512568,5.07442
594,0.0517672,0.0507339,5.02266
595,0.0851627,0.0498737,4.93749
596,0.0638102,0.0492291,4.87368
597,0.0282918,0.0489434,4.84539
598,0.103809,0.0478948,4.74158
599,0.0764701,0.0471224,4.66511
600,0.0627308,0.0464887,4.60238
601,0.0845979,0.0461005,4.51785
602,0.0733055,0.0458215,4.44468
603,0.0703849,0.0455668,4.37441
604,0.0754959,0.0447804,4.29891
605,0.0836576,0.0439089,4.21526
606,0.0585029,0.0432995,4.15675
607,0.0588275,0.0431499,4.09924
608,0.0544152,0.0430631,4.04793
609,0.0277644,0.0427678,4.02017
610,0.0702151,0.0420208,3.94995
611,0.0641263,0.0413386,3.88583
612,0.0602849,0.0406973,3.82554
613,0.0436283,0.0402331,3.78191
614,0.0544591,0.040081,3.72753
615,0.077122,0.0392517,3.65041
616,0.0773224,0.0384203,3.57309
617,0.0555388,0.0378231,3.51755
618,0.0449188,0.0373401,3.47263
619,0.06064,0.0370892,3.4122
620,0.0781899,0.0366385,3.3341
621,0.0692937,0.035877,3.26481
622,0.0766941,0.0350342,3.18811
623,0.0716585,0.0342468,3.11646
624,0.0459933,0.0337413,3.07046
625,0.0738372,0.0332985,2.99686
626,0.0445762,0.0331726,2.95236
627,0.0483038,0.0330028,2.90424
628,0.0299638,0.0326623,2.87428
629,0.0304594,0.0326878,2.84384
630,0.0486971,0.032128,2.79514
631,0.0553708,0.0322353,2.74
632,0.0771519,0.0313277,2.66285
633,0.0637411,0.0309435,2.59925
634,0.0357785,0.0305175,2.56347
635,0.0493226,0.0310719,2.51682
636,0.0467233,0.030495,2.4701
637,0.0437928,0.0299544,2.42631
638,0.0289635,0.0299684,2.39748
639,0.0298865,0.0303814,2.36975
640,0.0382114,0.0303003,2.33312
641,0.0387566,0.0301898,2.29442
642,0.0483815,0.0295532,2.24604
643,0.0384953,0.0294363,2.20772
644,0.0329819,0.0289965,2.17474
645,0.0430406,0.0292029,2.13181
646,0.0404181,0.0294624,2.09183
647,0.0262452,0.0299818,2.06874
648,0.0373515,0.0294404,2.03139
649,0.0409611,0.0297436,1.99282
650,0.034833,0.0306589,1.96217
651,0.063861,0.0301332,1.89839
652,0.0449176,0.0294202,1.85347
653,0.0323219,0.0289071,1.82115
654,0.0331302,0.0288416,1.78818
655,0.0409002,0.0291705,1.75023
656,0.0270271,0.030814,1.72559
657,0.0366667,0.0301593,1.68892
658,0.011452,0.0299548,1.67747
659,0.0237816,0.0295301,1.65369
660,0.034137,0.0289205,1.61955
661,0.038232,0.0282378,1.58132
662,0.0353393,0.028113,1.54621
663,0.03476,0.0279903,1.51148
664,0.0312096,0.0274123,1.48027
665,0.0306994,0.0268438,1.44957
666,0.0178965,0.0265124,1.43167
667,0.0248626,0.0270598,1.40711
668,0.0281087,0.0265192,1.379
669,0.0115441,0.0268179,1.36771
670,0.0151455,0.0276229,1.35352
671,0.0155911,0.0273047,1.33793
672,0.0223195,0.0268492,1.31561
673,0.0237166,0.0269196,1.29214
674,0.0356187,0.0261775,1.25652
675,0.0212692,0.0274936,1.23721
676,0.0219342,0.0276203,1.21529
677,0.0390181,0.028713,1.17723
678,0.00928616,0.029199,1.16796
679,0.00930902,0.0289663,1.15865
680,0.0102737,0.0294491,1.14852
681,0.0133081,0.0298769,1.13532
682,0.0139539,0.0295097,1.12137
683,0.0305531,0.0311758,1.09115
684,0.0194131,0.0306212,1.07174
685,0.0097494,0.0303426,1.06199
686,0.012842,0.0299757,1.04915
687,0.0177588,0.0294683,1.03139
688,0.0132493,0.0290898,1.01814
689,0.0103246,0.0287948,1.00782
690,0.0189666,0.0282529,0.98885
691,0.0243621,0.0275568,0.964488
692,0.0272525,0.0267782,0.937235
693,0.013111,0.0271819,0.924186
694,0.00945207,0.0277194,0.91474
695,0.00870956,0.0274555,0.906031
696,0.0148699,0.0270049,0.891161
697,0.0132283,0.026604,0.877933
698,0.00831615,0.0271758,0.869624
699,0.00927212,0.026886,0.860352
700,0.0142987,0.0264392,0.846054
701,0.0129753,0.0268799,0.833277
702,0.017654,0.0271907,0.815722
703,0.00724422,0.0278859,0.808691
704,0.0105272,0.0285074,0.798207
705,0.0230352,0.0276847,0.775172
706,0.0125394,0.0272369,0.762632
707,0.00319956,0.0271226,0.759433
708,0.00359967,0.0279939,0.755836
709,0.00460912,0.0300622,0.751556
710,0.0227324,0.0291529,0.728823
711,0.0125528,0.0286508,0.71627
712,0.0180539,0.0279287,0.698216
713,0.0190889,0.0282973,0.679135
714,0.021496,0.0286427,0.658783
715,0.00809833,0.029577,0.650694
716,0.0020138,0.0294855,0.64868
717,0.00296515,0.0307487,0.645723
718,0.00807203,0.0318899,0.637798
719,0.00427248,0.033377,0.634163
719,0.0120406,0.0327433,0.622122
720,0.00244958,0.0326143,0.619673
721,0.0117977,0.0319934,0.607875
722,0.0165,0.031125,0.591375
723,0.0161348,0.0320312,0.576562
724,0.011859,0.0313724,0.564703
725,0.0111145,0.0307549,0.553588
726,0.00235694,0.030624,0.551231
727,0.00222688,0.0305002,0.549004
728,0.00601152,0.0301663,0.542993
729,0.0071412,0.0315248,0.535922
730,0.00740462,0.0310893,0.528518
731,0.015807,0.0301595,0.512711
732,0.0151585,0.0292678,0.497552
733,0.00239124,0.0291271,0.495161
734,0.0110002,0.02848,0.484161
735,0.0027441,0.0283186,0.481417
736,0.0160716,0.0273732,0.465345
737,0.0113709,0.0267044,0.453974
738,0.00144245,0.0266195,0.452532
739,0.00212896,0.0264943,0.450403
740,0.00685636,0.026091,0.443546
741,0.00649765,0.0273615,0.437783
742,0.0161366,0.0281131,0.421697
743,0.00631341,0.0276923,0.415384
744,0.00162734,0.0275838,0.413756
745,0.006654,0.0271402,0.407102
746,0.00714313,0.0285824,0.400153
747,0.00159978,0.0284681,0.398553
748,0.00223652,0.0283083,0.396317
749,0.0113246,0.0296247,0.385121
750,0.00644958,0.0291285,0.378671
751,0.0111416,0.0282715,0.367529
752,0.0110138,0.0274243,0.356516
753,0.0015908,0.029584,0.355008
754,0.00988318,0.0287604,0.345125
755,0.00562948,0.0282913,0.339495
756,0.00181147,0.0281403,0.337684
757,0.00549995,0.027682,0.332184
758,0.00171509,0.0275391,0.330469
759,0.00685664,0.0294229,0.323652
760,0.00991451,0.0316653,0.316653
761,0.00116765,0.0315485,0.315485
762,0.00560099,0.0309884,0.309884
763,0.00130899,0.0308575,0.308575
764,0.00632408,0.0302251,0.302251
765,0.00574206,0.0296509,0.296509
766,0.0012919,0.0295217,0.295217
767,0.00594212,0.0289275,0.289275
768,0.00124273,0.0288032,0.288032
769,0.00118282,0.0286849,0.286849
770,0.00567153,0.0281178,0.281178
771,0.0012919,0.0279886,0.279886
772,0.00630846,0.0273577,0.273577
773,0.00574206,0.0267835,0.267835
774,0.00154962,0.0295968,0.266371
775,0.00958595,0.0285317,0.256785
776,0.00112846,0.0284063,0.255656
777,0.00132851,0.0318013,0.25441
778,0.000714103,0.031712,0.253696
779,0.00111422,0.0315728,0.252582
780,0.00114351,0.0314298,0.251439
781,0.00970123,0.0302172,0.241737
782,0.000919417,0.0301022,0.240818
783,0.00980126,0.0288771,0.231017
784,0.000814131,0.0328867,0.230207
785,0.000624787,0.0327975,0.229582
786,0.0049581,0.0320892,0.224624
787,0.000899918,0.0319606,0.223724
788,0.000999946,0.0318177,0.222724
789,0.000834587,0.0316985,0.22189
790,0.00985755,0.0302903,0.212032
791,0.00079989,0.030176,0.211232
792,0.00079989,0.0300618,0.210432
793,0.000899918,0.0299332,0.209532
794,0.000688627,0.0298348,0.208844
795,0.00958696,0.0284653,0.199257
796,0.000924872,0.0283331,0.198332
797,0.00534006,0.0275703,0.192992
798,0.00558483,0.0267724,0.187407
799,0.00485807,0.0260784,0.182549
800,0.000999946,0.0259356,0.181549
801,0.00079989,0.0258213,0.180749
802,0.000699861,0.0257213,0.180049
803,0.000599833,0.0256356,0.179449
804,0.00092841,0.025503,0.178521
805,0.0134995,0.0235745,0.165021
806,0.00525818,0.0228233,0.159763
807,0.000699861,0.0227233,0.159063
808,0.00079989,0.0226091,0.158264
809,0.000599833,0.0225234,0.157664
810,0.000599833,0.0224377,0.157064
811,0.00122496,0.0222627,0.155839
812,0.00502436,0.0215449,0.150815
813,0.00569934,0.0207307,0.145115
814,0.000849063,0.0206095,0.144266
815,0.00598127,0.019755,0.138285
816,0.00539925,0.0189837,0.132886
817,0.000899918,0.0188551,0.131986
818,0.000699861,0.0187551,0.131286
819,0.000899918,0.0217402,0.130441
820,0.00068562,0.0216259,0.129755
821,0.000785648,0.021495,0.12897
822,0.000785648,0.021364,0.128184
823,0.000585591,0.0212664,0.127598
824,0.000510518,0.0211813,0.127088
825,0.00524394,0.0305402,0.122161
826,0.000545874,0.0304037,0.121615
827,0.00924415,0.0280926,0.112371
828,0.000538957,0.0279579,0.111832
829,0.00535653,0.0266188,0.106475
830,0.00045708,0.0265045,0.106018
831,0.000523338,0.0263737,0.105495
832,0.00535653,0.0250345,0.100138
833,0.00045708,0.0249203,0.0996811
834,0.000638986,0.0247605,0.0990421
835,0.00530567,0.0234341,0.0937364
836,0.00535653,0.022095,0.0883799
837,0.000257023,0.0220307,0.0881229
838,0.000582063,0.0218852,0.0875408
839,0.00461529,0.0207314,0.0829255
840,0.000357051,0.0206421,0.0825685
841,0.000757165,0.0204528,0.0818113
842,0.000357051,0.0203636,0.0814542
843,0.000257023,0.0202993,0.0811972
844,0.000906366,0.0200727,0.0802909
845,0.00532276,0.018742,0.0749681
846,0.00553843,0.0173574,0.0694297
847,0.0052565,0.0160433,0.0641732
848,0.000357051,0.015954,0.0638161
849,0.000257023,0.0158898,0.0635591
850,0.000757165,0.0157005,0.0628019
851,0.000623366,0.0155446,0.0621786
852,0.0052565,0.0142305,0.0569221
853,0.000506253,0.014104,0.0564158
854,0.00535653,0.0127648,0.0510593
855,0.000357051,0.0126756,0.0507022
856,0.000582063,0.01253,0.0501202
857,0.00461529,0.0113762,0.0455049
858,0.000357051,0.011287,0.0451478
859,0.000839042,0.0110772,0.0443088
860,0.00515647,0.00978808,0.0391523
861,0.000638986,0.00962833,0.0385133
862,0.00535653,0.0082892,0.0331568
863,0.000445845,0.0109317,0.0327951
864,0.00865923,0.00804529,0.0241359
865,0.000642895,0.00783099,0.023493
866,0.000242781,0.00775006,0.0232502
867,0.00034281,0.00763579,0.0229074
868,0.000242781,0.00755487,0.0226646
869,0.000442838,0.00740725,0.0222218
870,0.000242781,0.00732633,0.021979
871,0.000542866,0.00714537,0.0214361
872,0.000361209,0.00702497,0.0210749
873,0.00477161,0.00543443,0.0163033
874,0.000542866,0.00525348,0.0157604
875,0.00034281,0.00513921,0.0154176
876,0.00034281,0.00502494,0.0150748
877,0.00034281,0.00491067,0.014732
878,0.00034281,0.0047964,0.0143892
879,0.00034281,0.00468213,0.0140464
880,0.000479806,0.00452219,0.0135666
881,0.00427248,0.0054654,0.0109308
881,0.00465734,0.0076242,0.0076242
882,0.00011427,0.00750993,0.00750993
883,1.42416e-05,0.00749568,0.00749568
884,0.000214298,0.00728139,0.00728139
885,0.00011427,0.00716712,0.00716712
886,0.00011427,0.00705285,0.00705285
887,0.00011427,0.00693858,0.00693858
888,8.82657e-05,0.00685031,0.00685031
889,0.00437251,0.0024778,0.0024778
890,0.00011427,0.00236353,0.00236353
891,1.42416e-05,0.00234929,0.00234929
892,1.42416e-05,0.00233505,0.00233505
893,0.000314327,0.00202072,0.00202072
894,1.42416e-05,0.00200648,0.00200648
895,1.42416e-05,0.00199224,0.00199224
896,0.000314327,0.00167791,0.00167791
897,0.00011427,0.00156364,0.00156364
898,1.42416e-05,0.0015494,0.0015494
899,8.82657e-05,0.00146114,0.00146114
900,0.00427248,0,0
