Round,Time,TotalEnergy,AliveNodes,DeadNodes,AvgEnergy
1,774,49.9775,100,0,0.499775
2,1548,49.8805,100,0,0.498805
3,2322,49.8018,100,0,0.498018
4,3096,49.7313,100,0,0.497313
5,3870,49.6555,100,0,0.496555
6,4644,49.6015,100,0,0.496015
7,5418,49.5155,100,0,0.495155
8,6192,49.4484,100,0,0.494484
9,6966,49.3582,100,0,0.493582
10,7740,49.2663,100,0,0.492663
11,8514,49.2057,100,0,0.492057
12,9288,49.1385,100,0,0.491385
13,10062,49.0846,100,0,0.490846
14,10836,48.9935,100,0,0.489935
15,11610,48.9045,100,0,0.489045
16,12384,48.8193,100,0,0.488193
17,13158,48.7341,100,0,0.487341
18,13932,48.6827,100,0,0.486827
19,14706,48.6303,100,0,0.486303
20,15480,48.54,100,0,0.4854
21,16254,48.4399,100,0,0.484399
22,17028,48.3727,100,0,0.483727
23,17802,48.3222,100,0,0.483222
24,18576,48.2721,100,0,0.482721
25,19350,48.1819,100,0,0.481819
26,20124,48.0907,100,0,0.480907
27,20898,47.9928,100,0,0.479928
28,21672,47.9129,100,0,0.479129
29,22446,47.8652,100,0,0.478652
30,23220,47.7744,100,0,0.477744
31,23994,47.6612,100,0,0.476612
32,24768,47.5714,100,0,0.475714
33,25542,47.5186,100,0,0.475186
34,26316,47.4179,100,0,0.474179
35,27090,47.3509,100,0,0.473509
36,27864,47.269,100,0,0.47269
37,28638,47.2073,100,0,0.472073
38,29412,47.1466,100,0,0.471466
39,30186,47.06,100,0,0.4706
40,30960,46.9651,100,0,0.469651
41,31734,46.8952,100,0,0.468952
42,32508,46.8062,100,0,0.468062
43,33282,46.7251,100,0,0.467251
44,34056,46.6472,100,0,0.466472
45,34830,46.5841,100,0,0.465841
46,35604,46.5253,100,0,0.465253
47,36378,46.4268,100,0,0.464268
48,37152,46.34,100,0,0.4634
49,37926,46.2521,100,0,0.462521
50,38700,46.204,100,0,0.46204
51,39474,46.1452,100,0,0.461452
52,40248,46.0832,100,0,0.460832
53,41022,46.0091,100,0,0.460091
54,41796,45.9194,100,0,0.459194
55,42570,45.8374,100,0,0.458374
56,43344,45.7582,100,0,0.457582
57,44118,45.6702,100,0,0.456702
58,44892,45.589,100,0,0.45589
59,45666,45.526,100,0,0.45526
60,46440,45.4465,100,0,0.454465
61,47214,45.3706,100,0,0.453706
62,47988,45.3036,100,0,0.453036
63,48762,45.2314,100,0,0.452314
64,49536,45.1353,100,0,0.451353
65,50310,45.0703,100,0,0.450703
66,51084,45.0057,100,0,0.450057
67,51858,44.9379,100,0,0.449379
68,52632,44.8513,100,0,0.448513
69,53406,44.747,100,0,0.44747
70,54180,44.6689,100,0,0.446689
71,54954,44.5897,100,0,0.445897
72,55728,44.5176,100,0,0.445176
73,56502,44.4544,100,0,0.444544
74,57276,44.3809,100,0,0.443809
75,58050,44.3259,100,0,0.443259
76,58824,44.2569,100,0,0.442569
77,59598,44.1592,100,0,0.441592
78,60372,44.0691,100,0,0.440691
79,61146,43.9853,100,0,0.439853
80,61920,43.9009,100,0,0.439009
81,62694,43.8326,100,0,0.438326
82,63468,43.7481,100,0,0.437481
83,64242,43.6959,100,0,0.436959
84,65016,43.6402,100,0,0.436402
85,65790,43.5917,100,0,0.435917
86,66564,43.5375,100,0,0.435375
87,67338,43.4138,100,0,0.434138
88,68112,43.3307,100,0,0.433307
89,68886,43.2598,100,0,0.432598
90,69660,43.1773,100,0,0.431773
91,70434,43.0851,100,0,0.430851
92,71208,42.999,100,0,0.42999
93,71982,42.9227,100,0,0.429227
94,72756,42.8419,100,0,0.428419
95,73530,42.7831,100,0,0.427831
96,74304,42.7132,100,0,0.427132
97,75078,42.6246,100,0,0.426246
98,75852,42.5543,100,0,0.425543
99,76626,42.4729,100,0,0.424729
100,77400,42.3904,100,0,0.423904
101,78174,42.32,100,0,0.4232
102,78948,42.2239,100,0,0.422239
103,79722,42.1583,100,0,0.421583
104,80496,42.0906,100,0,0.420906
105,81270,42.0264,100,0,0.420264
106,82044,41.948,100,0,0.41948
107,82818,41.8875,100,0,0.418875
108,83592,41.8134,100,0,0.418134
109,84366,41.745,100,0,0.41745
110,85140,41.6378,100,0,0.416378
111,85914,41.5398,100,0,0.415398
112,86688,41.4684,100,0,0.414684
113,87462,41.4156,100,0,0.414156
114,88236,41.3511,100,0,0.413511
115,89010,41.2593,100,0,0.412593
116,89784,41.1779,100,0,0.411779
117,90558,41.0843,100,0,0.410843
118,91332,41.0316,100,0,0.410316
119,92106,40.9359,100,0,0.409359
120,92880,40.8365,100,0,0.408365
121,93654,40.7777,100,0,0.407777
122,94428,40.6939,100,0,0.406939
123,95202,40.597,100,0,0.40597
124,95976,40.5489,100,0,0.405489
125,96750,40.4741,100,0,0.404741
126,97524,40.3754,100,0,0.403754
127,98298,40.2968,100,0,0.402968
128,99072,40.2349,100,0,0.402349
129,99846,40.1704,100,0,0.401704
130,100620,40.0947,100,0,0.400947
131,101394,40.0121,100,0,0.400121
132,102168,39.9497,100,0,0.399497
133,102942,39.8857,100,0,0.398857
134,103716,39.8134,100,0,0.398134
135,104490,39.7323,100,0,0.397323
136,105264,39.652,100,0,0.39652
137,106038,39.5586,100,0,0.395586
138,106812,39.4709,100,0,0.394709
139,107586,39.3747,100,0,0.393747
140,108360,39.3004,100,0,0.393004
141,109134,39.2455,100,0,0.392455
142,109908,39.1831,100,0,0.391831
143,110682,39.0821,100,0,0.390821
144,111456,38.998,100,0,0.38998
145,112230,38.9099,100,0,0.389099
146,113004,38.8271,100,0,0.388271
147,113778,38.7973,100,0,0.387973
148,114552,38.7398,100,0,0.387398
149,115326,38.6644,100,0,0.386644
150,116100,38.5914,100,0,0.385914
151,116874,38.4816,100,0,0.384816
152,117648,38.4107,100,0,0.384107
153,118422,38.3366,100,0,0.383366
154,119196,38.2836,100,0,0.382836
155,119970,38.1932,100,0,0.381932
156,120744,38.1206,100,0,0.381206
157,121518,38.052,100,0,0.38052
158,122292,37.9778,100,0,0.379778
159,123066,37.8862,100,0,0.378862
160,123840,37.8022,100,0,0.378022
161,124614,37.739,100,0,0.37739
162,125388,37.6729,100,0,0.376729
163,126162,37.605,100,0,0.37605
164,126936,37.5232,100,0,0.375232
165,127710,37.4182,100,0,0.374182
166,128484,37.3263,100,0,0.373263
167,129258,37.2772,100,0,0.372772
168,130032,37.2006,100,0,0.372006
169,130806,37.1316,100,0,0.371316
170,131580,37.0528,100,0,0.370528
171,132354,36.9563,100,0,0.369563
172,133128,36.8751,100,0,0.368751
173,133902,36.7582,100,0,0.367582
174,134676,36.6571,100,0,0.366571
175,135450,36.5978,100,0,0.365978
176,136224,36.5233,100,0,0.365233
177,136998,36.4485,100,0,0.364485
178,137772,36.3858,100,0,0.363858
179,138546,36.3473,100,0,0.363473
180,139320,36.2714,100,0,0.362714
181,140094,36.1919,100,0,0.361919
182,140868,36.1375,100,0,0.361375
183,141642,36.0895,100,0,0.360895
184,142416,36.0374,100,0,0.360374
185,143190,35.9593,100,0,0.359593
186,143964,35.8664,100,0,0.358664
187,144738,35.7656,100,0,0.357656
188,145512,35.6806,100,0,0.356806
189,146286,35.5839,100,0,0.355839
190,147060,35.4894,100,0,0.354894
191,147834,35.43,100,0,0.3543
192,148608,35.3909,100,0,0.353909
193,149382,35.3239,100,0,0.353239
194,150156,35.2481,100,0,0.352481
195,150930,35.1607,100,0,0.351607
196,151704,35.0983,100,0,0.350983
197,152478,35.0313,100,0,0.350313
198,153252,34.9227,100,0,0.349227
199,154026,34.8364,100,0,0.348364
200,154800,34.7507,100,0,0.347507
201,155574,34.6731,100,0,0.346731
202,156348,34.5831,100,0,0.345831
203,157122,34.515,100,0,0.34515
204,157896,34.4606,100,0,0.344606
205,158670,34.3838,100,0,0.343838
206,159444,34.2695,100,0,0.342695
207,160218,34.1885,100,0,0.341885
208,160992,34.1004,100,0,0.341004
209,161766,34.0484,100,0,0.340484
210,162540,33.9981,100,0,0.339981
211,163314,33.9288,100,0,0.339288
212,164088,33.8732,100,0,0.338732
213,164862,33.8048,100,0,0.338048
214,165636,33.7375,100,0,0.337375
215,166410,33.6737,100,0,0.336737
216,167184,33.5916,100,0,0.335916
217,167958,33.4845,100,0,0.334845
218,168732,33.3886,100,0,0.333886
219,169506,33.3088,100,0,0.333088
220,170280,33.2307,100,0,0.332307
221,171054,33.1339,100,0,0.331339
222,171828,33.036,100,0,0.33036
223,172602,32.9492,100,0,0.329492
224,173376,32.8801,100,0,0.328801
225,174150,32.8044,100,0,0.328044
226,174924,32.7472,100,0,0.327472
227,175698,32.6416,100,0,0.326416
228,176472,32.5918,100,0,0.325918
229,177246,32.5429,100,0,0.325429
230,178020,32.4796,100,0,0.324796
231,178794,32.4078,100,0,0.324078
232,179568,32.3159,100,0,0.323159
233,180342,32.2131,100,0,0.322131
234,181116,32.1367,100,0,0.321367
235,181890,32.05,100,0,0.3205
236,182664,31.9843,100,0,0.319843
237,183438,31.9377,100,0,0.319377
238,184212,31.8574,100,0,0.318574
239,184986,31.786,100,0,0.31786
240,185760,31.7035,100,0,0.317035
241,186534,31.6196,100,0,0.316196
242,187308,31.534,100,0,0.31534
243,188082,31.4727,100,0,0.314727
244,188856,31.4197,100,0,0.314197
245,189630,31.3625,100,0,0.313625
246,190404,31.2537,100,0,0.312537
247,191178,31.1762,100,0,0.311762
248,191952,31.1116,100,0,0.311116
249,192726,31.0665,100,0,0.310665
250,193500,30.9604,100,0,0.309604
251,194274,30.8632,100,0,0.308632
252,195048,30.8058,100,0,0.308058
253,195822,30.7136,100,0,0.307136
254,196596,30.6302,100,0,0.306302
255,197370,30.5812,100,0,0.305812
256,198144,30.4963,100,0,0.304963
257,198918,30.4088,100,0,0.304088
258,199692,30.3171,100,0,0.303171
259,200466,30.2463,100,0,0.302463
260,201240,30.1676,100,0,0.301676
261,202014,30.0872,100,0,0.300872
262,202788,30.0026,100,0,0.300026
263,203562,29.9234,100,0,0.299234
264,204336,29.8464,100,0,0.298464
265,205110,29.783,100,0,0.29783
266,205884,29.6889,100,0,0.296889
267,206658,29.6273,100,0,0.296273
268,207432,29.5462,100,0,0.295462
269,208206,29.4735,100,0,0.294735
270,208980,29.4023,100,0,0.294023
271,209754,29.324,100,0,0.29324
272,210528,29.2435,100,0,0.292435
273,211302,29.1469,100,0,0.291469
274,212076,29.0481,100,0,0.290481
275,212850,28.977,100,0,0.28977
276,213624,28.9043,100,0,0.289043
277,214398,28.8399,100,0,0.288399
278,215172,28.7741,100,0,0.287741
279,215946,28.6909,100,0,0.286909
280,216720,28.6068,100,0,0.286068
281,217494,28.5396,100,0,0.285396
282,218268,28.4572,100,0,0.284572
283,219042,28.3853,100,0,0.283853
284,219816,28.3069,100,0,0.283069
285,220590,28.2307,100,0,0.282307
286,221364,28.1431,100,0,0.281431
287,222138,28.0818,100,0,0.280818
288,222912,27.9862,100,0,0.279862
289,223686,27.9164,100,0,0.279164
290,224460,27.8184,100,0,0.278184
291,225234,27.75,100,0,0.2775
292,226008,27.6641,100,0,0.276641
293,226782,27.5903,100,0,0.275903
294,227556,27.4914,100,0,0.274914
295,228330,27.4122,100,0,0.274122
296,229104,27.3319,100,0,0.273319
297,229878,27.2794,100,0,0.272794
298,230652,27.2004,100,0,0.272004
299,231426,27.1184,100,0,0.271184
300,232200,27.0767,100,0,0.270767
301,232974,26.9964,100,0,0.269964
302,233748,26.9464,100,0,0.269464
303,234522,26.887,100,0,0.26887
304,235296,26.8262,100,0,0.268262
305,236070,26.7562,100,0,0.267562
306,236844,26.6644,100,0,0.266644
307,237618,26.5678,100,0,0.265678
308,238392,26.4851,100,0,0.264851
309,239166,26.4058,100,0,0.264058
310,239940,26.3434,100,0,0.263434
311,240714,26.2372,100,0,0.262372
312,241488,26.1348,100,0,0.261348
313,242262,26.0719,100,0,0.260719
314,243036,26.0081,100,0,0.260081
315,243810,25.9502,100,0,0.259502
316,244584,25.8631,100,0,0.258631
317,245358,25.8037,100,0,0.258037
318,246132,25.7282,100,0,0.257282
319,246906,25.6621,100,0,0.256621
320,247680,25.5862,100,0,0.255862
321,248454,25.5024,100,0,0.255024
322,249228,25.4452,100,0,0.254452
323,250002,25.3837,100,0,0.253837
324,250776,25.2949,100,0,0.252949
325,251550,25.2212,100,0,0.252212
326,252324,25.1319,100,0,0.251319
327,253098,25.0366,100,0,0.250366
328,253872,24.9431,100,0,0.249431
329,254646,24.877,100,0,0.24877
330,255420,24.8237,100,0,0.248237
331,256194,24.7349,100,0,0.247349
332,256968,24.6431,100,0,0.246431
333,257742,24.5698,100,0,0.245698
334,258516,24.4741,100,0,0.244741
335,259290,24.3907,100,0,0.243907
336,260064,24.3138,100,0,0.243138
337,260838,24.2315,100,0,0.242315
338,261612,24.1406,100,0,0.241406
339,262386,24.0886,100,0,0.240886
340,263160,24.0403,100,0,0.240403
341,263934,23.9837,100,0,0.239837
342,264708,23.9307,100,0,0.239307
343,265482,23.864,100,0,0.23864
344,266256,23.7994,100,0,0.237994
345,267030,23.73,100,0,0.2373
346,267804,23.6529,100,0,0.236529
347,268578,23.5626,100,0,0.235626
348,269352,23.48,100,0,0.2348
349,270126,23.3986,100,0,0.233986
350,270900,23.2961,100,0,0.232961
351,271674,23.2156,100,0,0.232156
352,272448,23.1418,100,0,0.231418
353,273222,23.0776,100,0,0.230776
354,273996,22.9977,100,0,0.229977
355,274770,22.9116,100,0,0.229116
356,275544,22.793,100,0,0.22793
357,276318,22.7468,100,0,0.227468
358,277092,22.674,100,0,0.22674
359,277866,22.5922,100,0,0.225922
360,278640,22.5081,100,0,0.225081
361,279414,22.4544,100,0,0.224544
362,280188,22.4016,100,0,0.224016
363,280962,22.3072,100,0,0.223072
364,281736,22.2492,100,0,0.222492
365,282510,22.1864,100,0,0.221864
366,283284,22.1148,100,0,0.221148
367,284058,22.0264,100,0,0.220264
368,284832,21.9642,100,0,0.219642
369,285606,21.8829,100,0,0.218829
370,286380,21.8001,100,0,0.218001
371,287154,21.6897,100,0,0.216897
372,287928,21.6035,100,0,0.216035
373,288702,21.5296,100,0,0.215296
374,289476,21.4838,100,0,0.214838
375,290250,21.3939,100,0,0.213939
376,291024,21.3013,100,0,0.213013
377,291798,21.2282,100,0,0.212282
378,292572,21.1412,100,0,0.211412
379,293346,21.0665,100,0,0.210665
380,294120,20.9916,100,0,0.209916
381,294894,20.9359,100,0,0.209359
382,295668,20.8599,100,0,0.208599
383,296442,20.814,100,0,0.20814
384,297216,20.7413,100,0,0.207413
385,297990,20.6609,100,0,0.206609
386,298764,20.5665,100,0,0.205665
387,299538,20.4989,100,0,0.204989
388,300312,20.4169,100,0,0.204169
389,301086,20.3272,100,0,0.203272
390,301860,20.2442,100,0,0.202442
391,302634,20.1755,100,0,0.201755
392,303408,20.0992,100,0,0.200992
393,304182,20.0378,100,0,0.200378
394,304956,19.9648,100,0,0.199648
395,305730,19.8946,100,0,0.198946
396,306504,19.85,100,0,0.1985
397,307278,19.7602,100,0,0.197602
398,308052,19.6839,100,0,0.196839
399,308826,19.5925,100,0,0.195925
400,309600,19.4934,100,0,0.194934
401,310374,19.4173,100,0,0.194173
402,311148,19.3427,100,0,0.193427
403,311922,19.2669,100,0,0.192669
404,312696,19.183,100,0,0.19183
405,313470,19.0813,100,0,0.190813
406,314244,19.0273,100,0,0.190273
407,315018,18.9291,100,0,0.189291
408,315792,18.8612,100,0,0.188612
409,316566,18.7704,100,0,0.187704
410,317340,18.7079,100,0,0.187079
411,318114,18.6602,100,0,0.186602
412,318888,18.573,100,0,0.18573
413,319662,18.5082,100,0,0.185082
414,320436,18.4308,100,0,0.184308
415,321210,18.3611,100,0,0.183611
416,321984,18.2619,100,0,0.182619
417,322758,18.1663,100,0,0.181663
418,323532,18.1105,100,0,0.181105
419,324306,18.0603,100,0,0.180603
420,325080,17.9903,100,0,0.179903
421,325854,17.9071,100,0,0.179071
422,326628,17.8163,100,0,0.178163
423,327402,17.7395,100,0,0.177395
424,328176,17.6884,100,0,0.176884
425,328950,17.6186,100,0,0.176186
426,329724,17.5477,100,0,0.175477
427,330498,17.4813,100,0,0.174813
428,331272,17.3971,100,0,0.173971
429,332046,17.3357,100,0,0.173357
430,332820,17.2483,100,0,0.172483
431,333594,17.1475,100,0,0.171475
432,334368,17.0463,100,0,0.170463
433,335142,16.9727,100,0,0.169727
434,335916,16.9008,100,0,0.169008
435,336690,16.831,100,0,0.16831
436,337464,16.7278,100,0,0.167278
437,338238,16.6544,100,0,0.166544
438,339012,16.5786,100,0,0.165786
439,339786,16.5113,100,0,0.165113
440,340560,16.4408,100,0,0.164408
441,341334,16.3795,100,0,0.163795
442,342108,16.3061,100,0,0.163061
443,342882,16.2254,100,0,0.162254
444,343656,16.1388,100,0,0.161388
445,344430,16.0536,100,0,0.160536
446,345204,15.9473,100,0,0.159473
447,345978,15.87,100,0,0.1587
448,346752,15.7984,100,0,0.157984
449,347526,15.721,100,0,0.15721
450,348300,15.6551,100,0,0.156551
451,349074,15.6047,100,0,0.156047
452,349848,15.5179,100,0,0.155179
453,350622,15.4226,100,0,0.154226
454,351396,15.3465,100,0,0.153465
455,352170,15.2495,100,0,0.152495
456,352944,15.1833,100,0,0.151833
457,353718,15.1195,100,0,0.151195
458,354492,15.064,100,0,0.15064
459,355266,14.9978,100,0,0.149978
460,356040,14.909,100,0,0.14909
461,356814,14.8524,100,0,0.148524
462,357588,14.7884,100,0,0.147884
463,358362,14.7284,100,0,0.147284
464,359136,14.6642,100,0,0.146642
465,359910,14.5888,100,0,0.145888
466,360684,14.5066,100,0,0.145066
467,361458,14.4168,100,0,0.144168
468,362232,14.3393,100,0,0.143393
469,363006,14.2848,100,0,0.142848
470,363780,14.1976,100,0,0.141976
471,364554,14.1093,100,0,0.141093
472,365328,14.0441,100,0,0.140441
473,366102,13.9508,100,0,0.139508
474,366876,13.8655,100,0,0.138655
475,367650,13.7988,100,0,0.137988
476,368424,13.7238,100,0,0.137238
477,369198,13.6333,100,0,0.136333
478,369972,13.5492,100,0,0.135492
479,370746,13.478,100,0,0.13478
480,371520,13.4216,100,0,0.134216
481,372294,13.3322,100,0,0.133322
482,373068,13.2777,100,0,0.132777
483,373842,13.2252,100,0,0.132252
484,374616,13.1267,100,0,0.131267
485,375390,13.0362,100,0,0.130362
486,376164,12.9454,100,0,0.129454
487,376938,12.8639,100,0,0.128639
488,377712,12.7739,100,0,0.127739
489,378486,12.6998,100,0,0.126998
490,379260,12.6307,100,0,0.126307
491,380034,12.5523,100,0,0.125523
492,380808,12.4553,100,0,0.124553
493,381582,12.3774,100,0,0.123774
494,382356,12.2943,100,0,0.122943
495,383130,12.2047,100,0,0.122047
496,383904,12.1277,100,0,0.121277
497,384678,12.0605,100,0,0.120605
498,385452,11.997,100,0,0.11997
499,386226,11.9343,100,0,0.119343
500,387000,11.8512,100,0,0.118512
501,387774,11.7711,100,0,0.117711
502,388548,11.6693,100,0,0.116693
503,389322,11.6063,100,0,0.116063
504,390096,11.549,100,0,0.11549
505,390870,11.4594,100,0,0.114594
506,391644,11.3776,100,0,0.113776
507,392418,11.3049,100,0,0.113049
508,393192,11.2413,100,0,0.112413
509,393966,11.1768,100,0,0.111768
510,394740,11.1164,100,0,0.111164
511,395514,11.0224,100,0,0.110224
512,396288,10.9364,100,0,0.109364
513,397062,10.8809,100,0,0.108809
514,397836,10.8018,100,0,0.108018
515,398610,10.6826,100,0,0.106826
516,399384,10.6099,100,0,0.106099
517,400158,10.5385,100,0,0.105385
518,400932,10.4917,100,0,0.104917
519,401706,10.414,100,0,0.10414
520,402480,10.3472,100,0,0.103472
521,403254,10.2891,100,0,0.102891
522,404028,10.2164,100,0,0.102164
523,404802,10.1172,100,0,0.101172
524,405576,10.0404,100,0,0.100404
525,406350,9.94473,100,0,0.0994473
526,407124,9.90207,100,0,0.0990207
527,407898,9.83313,100,0,0.0983313
528,408672,9.76563,100,0,0.0976563
529,409446,9.68904,100,0,0.0968904
530,410220,9.60772,100,0,0.0960772
531,410994,9.53495,100,0,0.0953495
532,411768,9.46523,100,0,0.0946523
533,412542,9.39348,100,0,0.0939348
534,413316,9.32227,100,0,0.0932227
535,414090,9.24576,100,0,0.0924576
536,414864,9.17715,100,0,0.0917715
537,415638,9.11555,100,0,0.0911555
538,416412,9.0292,100,0,0.090292
539,417186,8.95061,100,0,0.0895061
540,417960,8.85229,100,0,0.0885229
541,418734,8.77863,100,0,0.0877863
542,419508,8.68345,100,0,0.0868345
543,420282,8.57863,100,0,0.0857863
544,421056,8.51138,100,0,0.0851138
545,421830,8.45527,100,0,0.0845527
546,422604,8.38461,100,0,0.0838461
547,423378,8.30874,100,0,0.0830874
548,424152,8.25093,100,0,0.0825093
549,424926,8.17804,100,0,0.0817804
550,425700,8.10442,100,0,0.0810442
551,426474,8.02563,100,0,0.0802563
552,427248,7.96313,100,0,0.0796313
553,428022,7.90513,100,0,0.0790513
554,428796,7.80853,100,0,0.0780853
555,429570,7.70804,100,0,0.0770804
556,430344,7.62491,100,0,0.0762491
557,431118,7.56801,100,0,0.0756801
558,431892,7.51266,100,0,0.0751266
559,432666,7.43125,100,0,0.0743125
560,433440,7.36346,100,0,0.0736346
561,434214,7.29595,100,0,0.0729595
562,434988,7.21441,100,0,0.0721441
563,435762,7.1285,100,0,0.071285
564,436536,7.06439,100,0,0.0706439
565,437310,6.98501,100,0,0.0698501
566,438084,6.90357,100,0,0.0690357
567,438858,6.83437,100,0,0.0683437
568,439632,6.80003,100,0,0.0680003
569,440406,6.7434,100,0,0.067434
570,441180,6.66596,100,0,0.0666596
571,441954,6.57865,100,0,0.0657865
572,442728,6.50289,100,0,0.0650289
573,443502,6.42163,100,0,0.0642163
574,444276,6.35707,100,0,0.0635707
575,445050,6.26788,100,0,0.0626788
576,445824,6.18463,100,0,0.0618463
577,446598,6.1162,100,0,0.061162
578,447372,6.05782,100,0,0.0605782
579,448146,6.001,100,0,0.06001
580,448920,5.96734,100,0,0.0596734
581,449694,5.88735,100,0,0.0588735
582,450468,5.79628,100,0,0.0579628
583,451242,5.71677,100,0,0.0571677
584,452016,5.66031,99,1,0.0571749
585,452790,5.57732,99,1,0.0563366
586,453564,5.54555,99,1,0.0560157
587,454338,5.48429,99,1,0.0553969
588,455112,5.3988,99,1,0.0545333
589,455886,5.34884,99,1,0.0540287
590,456660,5.2778,99,1,0.0533111
591,457434,5.21054,99,1,0.0526317
592,458208,5.14696,99,1,0.0519895
593,458982,5.07442,99,1,0.0512568
594,459756,5.02266,99,1,0.0507339
595,460530,4.93749,99,1,0.0498737
596,461304,4.87368,99,1,0.0492291
597,462078,4.84539,99,1,0.0489434
598,462852,4.74158,99,1,0.0478948
599,463626,4.66511,99,1,0.0471224
600,464400,4.60238,99,1,0.0464887
601,465174,4.51785,98,2,0.0461005
602,465948,4.44468,97,3,0.0458215
603,466722,4.37441,96,4,0.0455668
604,467496,4.29891,96,4,0.0447804
605,468270,4.21526,96,4,0.0439089
606,469044,4.15675,96,4,0.0432995
607,469818,4.09924,95,5,0.0431499
608,470592,4.04793,94,6,0.0430631
609,471366,4.02017,94,6,0.0427678
610,472140,3.94995,94,6,0.0420208
611,472914,3.88583,94,6,0.0413386
612,473688,3.82554,94,6,0.0406973
613,474462,3.78191,94,6,0.0402331
614,475236,3.72753,93,7,0.040081
615,476010,3.65041,93,7,0.0392517
616,476784,3.57309,93,7,0.0384203
617,477558,3.51755,93,7,0.0378231
618,478332,3.47263,93,7,0.0373401
619,479106,3.4122,92,8,0.0370892
620,479880,3.3341,91,9,0.0366385
621,480654,3.26481,91,9,0.035877
622,481428,3.18811,91,9,0.0350342
623,482202,3.11646,91,9,0.0342468
624,482976,3.07046,91,9,0.0337413
625,483750,2.99686,90,10,0.0332985
626,484524,2.95236,89,11,0.0331726
627,485298,2.90424,88,12,0.0330028
628,486072,2.87428,88,12,0.0326623
629,486846,2.84384,87,13,0.0326878
630,487620,2.79514,87,13,0.032128
631,488394,2.74,85,15,0.0322353
632,489168,2.66285,85,15,0.0313277
633,489942,2.59925,84,16,0.0309435
634,490716,2.56347,84,16,0.0305175
635,491490,2.51682,81,19,0.0310719
636,492264,2.4701,81,19,0.030495
637,493038,2.42631,81,19,0.0299544
638,493812,2.39748,80,20,0.0299684
639,494586,2.36975,78,22,0.0303814
640,495360,2.33312,77,23,0.0303003
641,496134,2.29442,76,24,0.0301898
642,496908,2.24604,76,24,0.0295532
643,497682,2.20772,75,25,0.0294363
644,498456,2.17474,75,25,0.0289965
645,499230,2.13181,73,27,0.0292029
646,500004,2.09183,71,29,0.0294624
647,500778,2.06874,69,31,0.0299818
648,501552,2.03139,69,31,0.0294404
649,502326,1.99282,67,33,0.0297436
650,503100,1.96217,64,36,0.0306589
651,503874,1.89839,63,37,0.0301332
652,504648,1.85347,63,37,0.0294202
653,505422,1.82115,63,37,0.0289071
654,506196,1.78818,62,38,0.0288416
655,506970,1.75023,60,40,0.0291705
656,507744,1.72559,56,44,0.030814
657,508518,1.68892,56,44,0.0301593
658,509292,1.67747,56,44,0.0299548
659,510066,1.65369,56,44,0.0295301
660,510840,1.61955,56,44,0.0289205
661,511614,1.58132,56,44,0.0282378
662,512388,1.54621,55,45,0.028113
663,513162,1.51148,54,46,0.0279903
664,513936,1.48027,54,46,0.0274123
665,514710,1.44957,54,46,0.0268438
666,515484,1.43167,54,46,0.0265124
667,516258,1.40711,52,48,0.0270598
668,517032,1.379,52,48,0.0265192
669,517806,1.36771,51,49,0.0268179
670,518580,1.35352,49,51,0.0276229
671,519354,1.33793,49,51,0.0273047
672,520128,1.31561,49,51,0.0268492
673,520902,1.29214,48,52,0.0269196
674,521676,1.25652,48,52,0.0261775
675,522450,1.23721,45,55,0.0274936
676,523224,1.21529,44,56,0.0276203
677,523998,1.17723,41,59,0.028713
678,524772,1.16796,40,60,0.029199
679,525546,1.15865,40,60,0.0289663
680,526320,1.14852,39,61,0.0294491
681,527094,1.13532,38,62,0.0298769
682,527868,1.12137,38,62,0.0295097
683,528642,1.09115,35,65,0.0311758
684,529416,1.07174,35,65,0.0306212
685,530190,1.06199,35,65,0.0303426
686,530964,1.04915,35,65,0.0299757
687,531738,1.03139,35,65,0.0294683
688,532512,1.01814,35,65,0.0290898
689,533286,1.00782,35,65,0.0287948
690,534060,0.98885,35,65,0.0282529
691,534834,0.964488,35,65,0.0275568
692,535608,0.937235,35,65,0.0267782
693,536382,0.924186,34,66,0.0271819
694,537156,0.91474,33,67,0.0277194
695,537930,0.906031,33,67,0.0274555
696,538704,0.891161,33,67,0.0270049
697,539478,0.877933,33,67,0.026604
698,540252,0.869624,32,68,0.0271758
699,541026,0.860352,32,68,0.026886
700,541800,0.846054,32,68,0.0264392
701,542574,0.833277,31,69,0.0268799
702,543348,0.815722,30,70,0.0271907
703,544122,0.808691,29,71,0.0278859
704,544896,0.798207,28,72,0.0285074
705,545670,0.775172,28,72,0.0276847
706,546444,0.762632,28,72,0.0272369
707,547218,0.759433,28,72,0.0271226
708,547992,0.755836,27,73,0.0279939
709,548766,0.751556,25,75,0.0300622
710,549540,0.728823,25,75,0.0291529
711,550314,0.71627,25,75,0.0286508
712,551088,0.698216,25,75,0.0279287
713,551862,0.679135,24,76,0.0282973
714,552636,0.658783,23,77,0.0286427
715,553410,0.650694,22,78,0.029577
716,554184,0.64868,22,78,0.0294855
717,554958,0.645723,21,79,0.0307487
718,555732,0.637798,20,80,0.0318899
719,556506,0.634163,19,81,0.033377
719,556506,0.622122,19,81,0.0327433
720,557280,0.619673,19,81,0.0326143
721,558054,0.607875,19,81,0.0319934
722,558828,0.591375,19,81,0.031125
723,559602,0.576562,18,82,0.0320312
724,560376,0.564703,18,82,0.0313724
725,561150,0.553588,18,82,0.0307549
726,561924,0.551231,18,82,0.030624
727,562698,0.549004,18,82,0.0305002
728,563472,0.542993,18,82,0.0301663
729,564246,0.535922,17,83,0.0315248
730,565020,0.528518,17,83,0.0310893
731,565794,0.512711,17,83,0.0301595
732,566568,0.497552,17,83,0.0292678
733,567342,0.495161,17,83,0.0291271
734,568116,0.484161,17,83,0.02848
735,568890,0.481417,17,83,0.0283186
736,569664,0.465345,17,83,0.0273732
737,570438,0.453974,17,83,0.0267044
738,571212,0.452532,17,83,0.0266195
739,571986,0.450403,17,83,0.0264943
740,572760,0.443546,17,83,0.026091
741,573534,0.437783,16,84,0.0273615
742,574308,0.421697,15,85,0.0281131
743,575082,0.415384,15,85,0.0276923
744,575856,0.413756,15,85,0.0275838
745,576630,0.407102,15,85,0.0271402
746,577404,0.400153,14,86,0.0285824
747,578178,0.398553,14,86,0.0284681
748,578952,0.396317,14,86,0.0283083
749,579726,0.385121,13,87,0.0296247
750,580500,0.378671,13,87,0.0291285
751,581274,0.367529,13,87,0.0282715
752,582048,0.356516,13,87,0.0274243
753,582822,0.355008,12,88,0.029584
754,583596,0.345125,12,88,0.0287604
755,584370,0.339495,12,88,0.0282913
756,585144,0.337684,12,88,0.0281403
757,585918,0.332184,12,88,0.027682
758,586692,0.330469,12,88,0.0275391
759,587466,0.323652,11,89,0.0294229
760,588240,0.316653,10,90,0.0316653
761,589014,0.315485,10,90,0.0315485
762,589788,0.309884,10,90,0.0309884
763,590562,0.308575,10,90,0.0308575
764,591336,0.302251,10,90,0.0302251
765,592110,0.296509,10,90,0.0296509
766,592884,0.295217,10,90,0.0295217
767,593658,0.289275,10,90,0.0289275
768,594432,0.288032,10,90,0.0288032
769,595206,0.286849,10,90,0.0286849
770,595980,0.281178,10,90,0.0281178
771,596754,0.279886,10,90,0.0279886
772,597528,0.273577,10,90,0.0273577
773,598302,0.267835,10,90,0.0267835
774,599076,0.266371,9,91,0.0295968
775,599850,0.256785,9,91,0.0285317
776,600624,0.255656,9,91,0.0284063
777,601398,0.25441,8,92,0.0318013
778,602172,0.253696,8,92,0.031712
779,602946,0.252582,8,92,0.0315728
780,603720,0.251439,8,92,0.0314298
781,604494,0.241737,8,92,0.0302172
782,605268,0.240818,8,92,0.0301022
783,606042,0.231017,8,92,0.0288771
784,606816,0.230207,7,93,0.0328867
785,607590,0.229582,7,93,0.0327975
786,608364,0.224624,7,93,0.0320892
787,609138,0.223724,7,93,0.0319606
788,609912,0.222724,7,93,0.0318177
789,610686,0.22189,7,93,0.0316985
790,611460,0.212032,7,93,0.0302903
791,612234,0.211232,7,93,0.030176
792,613008,0.210432,7,93,0.0300618
793,613782,0.209532,7,93,0.0299332
794,614556,0.208844,7,93,0.0298348
795,615330,0.199257,7,93,0.0284653
796,616104,0.198332,7,93,0.0283331
797,616878,0.192992,7,93,0.0275703
798,617652,0.187407,7,93,0.0267724
799,618426,0.182549,7,93,0.0260784
800,619200,0.181549,7,93,0.0259356
801,619974,0.180749,7,93,0.0258213
802,620748,0.180049,7,93,0.0257213
803,621522,0.179449,7,93,0.0256356
804,622296,0.178521,7,93,0.025503
805,623070,0.165021,7,93,0.0235745
806,623844,0.159763,7,93,0.0228233
807,624618,0.159063,7,93,0.0227233
808,625392,0.158264,7,93,0.0226091
809,626166,0.157664,7,93,0.0225234
810,626940,0.157064,7,93,0.0224377
811,627714,0.155839,7,93,0.0222627
812,628488,0.150815,7,93,0.0215449
813,629262,0.145115,7,93,0.0207307
814,630036,0.144266,7,93,0.0206095
815,630810,0.138285,7,93,0.019755
816,631584,0.132886,7,93,0.0189837
817,632358,0.131986,7,93,0.0188551
818,633132,0.131286,7,93,0.0187551
819,633906,0.130441,6,94,0.0217402
820,634680,0.129755,6,94,0.0216259
821,635454,0.12897,6,94,0.021495
822,636228,0.128184,6,94,0.021364
823,637002,0.127598,6,94,0.0212664
824,637776,0.127088,6,94,0.0211813
825,638550,0.122161,4,96,0.0305402
826,639324,0.121615,4,96,0.0304037
827,640098,0.112371,4,96,0.0280926
828,640872,0.111832,4,96,0.0279579
829,641646,0.106475,4,96,0.0266188
830,642420,0.106018,4,96,0.0265045
831,643194,0.105495,4,96,0.0263737
832,643968,0.100138,4,96,0.0250345
833,644742,0.0996811,4,96,0.0249203
834,645516,0.0990421,4,96,0.0247605
835,646290,0.0937364,4,96,0.0234341
836,647064,0.0883799,4,96,0.022095
837,647838,0.0881229,4,96,0.0220307
838,648612,0.0875408,4,96,0.0218852
839,649386,0.0829255,4,96,0.0207314
840,650160,0.0825685,4,96,0.0206421
841,650934,0.0818113,4,96,0.0204528
842,651708,0.0814542,4,96,0.0203636
843,652482,0.0811972,4,96,0.0202993
844,653256,0.0802909,4,96,0.0200727
845,654030,0.0749681,4,96,0.018742
846,654804,0.0694297,4,96,0.0173574
847,655578,0.0641732,4,96,0.0160433
848,656352,0.0638161,4,96,0.015954
849,657126,0.0635591,4,96,0.0158898
850,657900,0.0628019,4,96,0.0157005
851,658674,0.0621786,4,96,0.0155446
852,659448,0.0569221,4,96,0.0142305
853,660222,0.0564158,4,96,0.014104
854,660996,0.0510593,4,96,0.0127648
855,661770,0.0507022,4,96,0.0126756
856,662544,0.0501202,4,96,0.01253
857,663318,0.0455049,4,96,0.0113762
858,664092,0.0451478,4,96,0.011287
859,664866,0.0443088,4,96,0.0110772
860,665640,0.0391523,4,96,0.00978808
861,666414,0.0385133,4,96,0.00962833
862,667188,0.0331568,4,96,0.0082892
863,667962,0.0327951,3,97,0.0109317
864,668736,0.0241359,3,97,0.00804529
865,669510,0.023493,3,97,0.00783099
866,670284,0.0232502,3,97,0.00775006
867,671058,0.0229074,3,97,0.00763579
868,671832,0.0226646,3,97,0.00755487
869,672606,0.0222218,3,97,0.00740725
870,673380,0.021979,3,97,0.00732633
871,674154,0.0214361,3,97,0.00714537
872,674928,0.0210749,3,97,0.00702497
873,675702,0.0163033,3,97,0.00543443
874,676476,0.0157604,3,97,0.00525348
875,677250,0.0154176,3,97,0.00513921
876,678024,0.0150748,3,97,0.00502494
877,678798,0.014732,3,97,0.00491067
878,679572,0.0143892,3,97,0.0047964
879,680346,0.0140464,3,97,0.00468213
880,681120,0.0135666,3,97,0.00452219
881,681894,0.0109308,2,98,0.0054654
881,681894,0.0076242,1,99,0.0076242
882,682668,0.00750993,1,99,0.00750993
883,683442,0.00749568,1,99,0.00749568
884,684216,0.00728139,1,99,0.00728139
885,684990,0.00716712,1,99,0.00716712
886,685764,0.00705285,1,99,0.00705285
887,686538,0.00693858,1,99,0.00693858
888,687312,0.00685031,1,99,0.00685031
889,688086,0.0024778,1,99,0.0024778
890,688860,0.00236353,1,99,0.00236353
891,689634,0.00234929,1,99,0.00234929
892,690408,0.00233505,1,99,0.00233505
893,691182,0.00202072,1,99,0.00202072
894,691956,0.00200648,1,99,0.00200648
895,692730,0.00199224,1,99,0.00199224
896,693504,0.00167791,1,99,0.00167791
897,694278,0.00156364,1,99,0.00156364
898,695052,0.0015494,1,99,0.0015494
899,695826,0.00146114,1,99,0.00146114
900,696600,0,0,100,0
